{
  "k": 5,
  "silhouette": 0.20593680135764814,
  "centroids": [
    [
      -0.653478126688962,
      -1.5203072604065881,
      -0.3971777716436699,
      -0.27289233871659613,
      0.17189766961138495,
      0.0,
      0.0,
      -1.0572978077483028,
      0.02857142857142857,
      -0.25822404062290205,
      -0.9167572066406935,
      -1.0572978077483028,
      -0.20098193573073178,
      -1.7716460563588794,
      0.7,
      0.0,
      0.0,
      0.0,
      0.0,
      0.0,
      0.0,
      0.0,
      0.0,
      0.0,
      0.0,
      0.0,
      0.3
    ],
    [
      -0.3468134110106181,
      0.1802435766982275,
      0.17287591027425445,
      0.4001907477443809,
      -1.1691479798391322,
      0.0,
      0.0,
      -0.6151504733659028,
      0.026845637583892617,
      0.9544406449796617,
      0.31199033473768356,
      -0.6151504733659028,
      1.281314390256104,
      0.23096540146752642,
      0.3825503355704698,
      0.013422818791946308,
      0.013422818791946308,
      0.006711409395973154,
      0.020134228187919462,
      0.026845637583892617,
      0.0,
      0.0,
      0.0,
      0.0,
      0.0,
      0.0,
      0.5369127516778524
    ],
    [
      0.7131873697624374,
      0.6329923107314448,
      -0.18356213036647354,
      -0.7363251040821078,
      0.33495662926048186,
      0.0,
      0.0,
      -0.29288919484047404,
      0.0,
      -0.29311918124761854,
      0.579898077105077,
      -0.29288919484047404,
      -0.3898643155879681,
      0.5951275415639741,
      0.275,
      0.0,
      0.0,
      0.0,
      0.0125,
      0.0375,
      0.0,
      0.0,
      0.0,
      0.0,
      0.0,
      0.0,
      0.675
    ],
    [
      -0.8553811381480448,
      -0.24784374516703053,
      -0.533677166091125,
      -0.45909967514339006,
      0.6851373626109661,
      0.0,
      0.0,
      0.5432913768491501,
      0.06172839506172839,
      -0.44691628251951715,
      -1.2796830134233428,
      0.5432913768491501,
      -0.6220204816481198,
      -0.09918422158512763,
      0.07407407407407407,
      0.024691358024691357,
      0.024691358024691357,
      0.024691358024691357,
      0.0,
      0.024691358024691357,
      0.012345679012345678,
      0.012345679012345678,
      0.012345679012345678,
      0.012345679012345678,
      0.0,
      0.2716049382716049,
      0.5061728395061729
    ],
    [
      0.9137462476483851,
      0.4083431150036593,
      0.4996396188907665,
      0.4630593692452699,
      0.6656462950908935,
      0.0,
      0.0,
      1.209106676136313,
      0.016666666666666666,
      -0.537385165620634,
      0.6245743542318164,
      1.209106676136313,
      -0.7939525365539372,
      0.41687581458114675,
      0.025,
      0.0,
      0.0,
      0.0,
      0.008333333333333333,
      0.025,
      0.0,
      0.0,
      0.0,
      0.0,
      0.0,
      0.6916666666666667,
      0.25
    ]
  ],
  "assignments": [
    0,
    0,
    1,
    1,
    2,
    0,
    1,
    1,
    1,
    1,
    1,
    1,
    1,
    1,
    1,
    1,
    1,
    1,
    1,
    1,
    1,
    1,
    1,
    1,
    1,
    0,
    0,
    1,
    2,
    2,
    0,
    3,
    3,
    1,
    2,
    2,
    0,
    3,
    3,
    1,
    2,
    2,
    0,
    1,
    1,
    1,
    2,
    2,
    0,
    1,
    2,
    2,
    2,
    2,
    0,
    2,
    2,
    2,
    2,
    2,
    0,
    0,
    1,
    1,
    1,
    0,
    3,
    3,
    1,
    2,
    2,
    0,
    3,
    1,
    1,
    1,
    1,
    0,
    1,
    1,
    1,
    1,
    1,
    0,
    1,
    1,
    1,
    1,
    1,
    1,
    1,
    1,
    1,
    1,
    1,
    0,
    1,
    1,
    1,
    1,
    0,
    1,
    1,
    1,
    1,
    2,
    0,
    1,
    1,
    1,
    1,
    1,
    0,
    1,
    1,
    1,
    1,
    1,
    1,
    1,
    1,
    1,
    1,
    1,
    1,
    1,
    1,
    1,
    1,
    1,
    1,
    1,
    1,
    1,
    1,
    0,
    1,
    1,
    1,
    1,
    1,
    0,
    1,
    1,
    1,
    1,
    1,
    1,
    1,
    1,
    1,
    1,
    1,
    1,
    1,
    1,
    1,
    1,
    1,
    1,
    1,
    1,
    1,
    1,
    1,
    1,
    1,
    1,
    1,
    1,
    0,
    1,
    1,
    1,
    1,
    1,
    1,
    1,
    1,
    1,
    1,
    1,
    1,
    1,
    1,
    1,
    1,
    1,
    1,
    1,
    1,
    1,
    1,
    1,
    1,
    1,
    1,
    1,
    1,
    1,
    0,
    0,
    2,
    2,
    2,
    0,
    3,
    3,
    3,
    2,
    2,
    0,
    3,
    3,
    3,
    2,
    2,
    0,
    3,
    3,
    3,
    2,
    2,
    0,
    2,
    2,
    2,
    2,
    2,
    0,
    2,
    2,
    2,
    2,
    2,
    0,
    3,
    3,
    3,
    2,
    2,
    0,
    3,
    3,
    3,
    4,
    4,
    0,
    3,
    3,
    3,
    4,
    4,
    0,
    3,
    3,
    3,
    4,
    4,
    0,
    4,
    4,
    4,
    4,
    4,
    2,
    4,
    4,
    4,
    4,
    4,
    0,
    3,
    3,
    3,
    2,
    2,
    0,
    3,
    3,
    3,
    4,
    4,
    0,
    3,
    3,
    3,
    4,
    4,
    0,
    3,
    3,
    3,
    4,
    4,
    0,
    4,
    4,
    4,
    4,
    4,
    2,
    4,
    4,
    4,
    4,
    4,
    0,
    3,
    3,
    3,
    2,
    2,
    0,
    3,
    3,
    3,
    4,
    4,
    0,
    3,
    3,
    3,
    4,
    4,
    0,
    3,
    3,
    3,
    4,
    4,
    0,
    4,
    4,
    4,
    4,
    4,
    4,
    4,
    4,
    4,
    4,
    4,
    0,
    3,
    2,
    2,
    2,
    2,
    0,
    4,
    4,
    4,
    4,
    4,
    0,
    4,
    4,
    4,
    4,
    4,
    0,
    4,
    4,
    4,
    4,
    4,
    0,
    4,
    4,
    4,
    4,
    4,
    4,
    4,
    4,
    4,
    4,
    4,
    0,
    2,
    2,
    2,
    2,
    2,
    0,
    4,
    4,
    4,
    4,
    4,
    0,
    4,
    4,
    4,
    4,
    4,
    0,
    4,
    4,
    4,
    4,
    4,
    4,
    4,
    4,
    4,
    4,
    4,
    4,
    4,
    4,
    4,
    4,
    4,
    0,
    0,
    0,
    2,
    2,
    0,
    3,
    3,
    3,
    2,
    2,
    0,
    3,
    3,
    3,
    2,
    2,
    0,
    3,
    3,
    3,
    2,
    2,
    0,
    2,
    2,
    2,
    2,
    2,
    0,
    2,
    2,
    2,
    2,
    2,
    0,
    3,
    3,
    3,
    2,
    2,
    0,
    3,
    3,
    3,
    4,
    4,
    0,
    3,
    3,
    3,
    4,
    4,
    0,
    3,
    3,
    3,
    4,
    4,
    0,
    4,
    4,
    4,
    4,
    4,
    2,
    4,
    4,
    4,
    4,
    4,
    0,
    3,
    3,
    3,
    2,
    2,
    0,
    3,
    3,
    3,
    4,
    4,
    0,
    3
  ],
  "representative_voicing_per_cluster": [
    289,
    144,
    215,
    249,
    334
  ]
}