{
  "betti_0": 1,
  "betti_1": 587,
  "persistence_pairs": [
    [
      0.0,
      0.7223533052545638
    ],
    [
      0.0,
      0.7223533052545639
    ],
    [
      0.0,
      1.136325132778085
    ],
    [
      0.0,
      1.136325132778085
    ],
    [
      0.0,
      1.401343644063161
    ],
    [
      0.0,
      1.401343644063161
    ],
    [
      0.0,
      1.444706610509128
    ],
    [
      0.0,
      1.4954099590044432
    ],
    [
      0.0,
      1.4954099590044434
    ],
    [
      0.0,
      1.5682029986076647
    ],
    [
      0.0,
      1.5682029986076647
    ],
    [
      0.0,
      1.5682029986076647
    ],
    [
      0.0,
      1.5682029986076647
    ],
    [
      0.0,
      1.5853544377924071
    ],
    [
      0.0,
      1.5880158367006902
    ],
    [
      0.0,
      1.5880158367006902
    ],
    [
      0.0,
      1.5880158367006902
    ],
    [
      0.0,
      1.6532406112018776
    ],
    [
      0.0,
      1.6547391210685387
    ],
    [
      0.0,
      1.6667120109392166
    ],
    [
      0.0,
      1.7092898091023976
    ],
    [
      0.0,
      1.71219551852436
    ],
    [
      0.0,
      1.747501734023599
    ],
    [
      0.0,
      1.775533589578901
    ],
    [
      0.0,
      1.7755335895789013
    ],
    [
      0.0,
      1.9441395154967447
    ],
    [
      0.0,
      1.9909203923703778
    ],
    [
      0.0,
      2.00444323876761
    ],
    [
      0.0,
      2.021676826411376
    ],
    [
      0.0,
      2.1755929119500177
    ],
    [
      0.0,
      2.1858474163145623
    ],
    [
      0.0,
      2.402027604662845
    ],
    [
      0.0,
      2.424643814275206
    ],
    [
      0.0,
      2.4664787009886213
    ],
    [
      0.0,
      2.5207153190401477
    ],
    [
      0.0,
      2.5876917665189065
    ],
    [
      0.0,
      2.6568992551392
    ],
    [
      0.0,
      2.6568992551392006
    ],
    [
      0.0,
      2.6568992551392006
    ],
    [
      0.0,
      2.6643725378733363
    ],
    [
      0.0,
      2.6643725378733367
    ],
    [
      0.0,
      2.693544729330112
    ],
    [
      0.0,
      2.761199272766381
    ],
    [
      0.0,
      2.761199272766381
    ],
    [
      0.0,
      2.7869605316493806
    ],
    [
      0.0,
      2.8934384013620114
    ],
    [
      0.0,
      2.9541459758290256
    ],
    [
      0.0,
      3.011011646452006
    ],
    [
      0.0,
      3.521790498272583
    ]
  ],
  "filtration_max": 4.5335765726059805
}