{
  "k": 5,
  "silhouette": 0.3339015999213947,
  "centroids": [
    [
      -0.014325419392256499,
      0.0881169068330061,
      -0.23087974580519485,
      -0.6842105263157895,
      0.0,
      0.0,
      0.0,
      -0.685994340570035,
      0.0,
      -0.22708184068631798,
      -0.19920320608091044,
      -0.685994340570035,
      0.49930699897395475,
      -0.0742320902615981,
      1.0,
      0.0,
      0.0,
      0.0,
      0.0,
      0.0,
      0.0,
      0.0,
      0.0,
      0.0,
      0.0,
      0.0,
      0.0
    ],
    [
      -0.7774114850581998,
      0.5865884600854131,
      0.7067810061333457,
      -1.0,
      0.0,
      0.0,
      0.0,
      -0.6859943405700348,
      0.0,
      1.9175799880177995,
      0.7860728483745969,
      -0.6859943405700348,
      1.2649110640673515,
      0.7247938813042355,
      1.0,
      0.0,
      0.0,
      0.0,
      0.0,
      0.0,
      0.0,
      0.0,
      0.0,
      0.0,
      0.0,
      0.0,
      0.0
    ],
    [
      1.3128825537138473,
      0.7393458715659894,
      -0.6074811953542808,
      1.0,
      0.0,
      0.0,
      0.0,
      0.9218048951409852,
      0.0,
      -0.5883484054145517,
      0.8304336185988971,
      0.9218048951409852,
      -0.9486832980505139,
      0.9696566790421524,
      0.5,
      0.0,
      0.0,
      0.0,
      0.0,
      0.0,
      0.0,
      0.0,
      0.0,
      0.0,
      0.0,
      0.0,
      0.5
    ],
    [
      -0.2081399170521955,
      -0.054992668133007495,
      0.1810761255382952,
      1.0,
      0.0,
      0.0,
      0.0,
      1.457737973711325,
      0.1,
      -0.5883484054145517,
      -0.6867047230721661,
      1.457737973711325,
      -0.9486832980505138,
      -0.3036298691950149,
      0.0,
      0.0,
      0.0,
      0.0,
      0.0,
      0.0,
      0.0,
      0.0,
      0.0,
      0.0,
      0.0,
      0.0,
      1.0
    ],
    [
      -0.2881937313030398,
      -3.0795894154484187,
      0.2686936056374703,
      1.0,
      0.0,
      0.0,
      0.0,
      -0.6859943405700348,
      0.0,
      -0.5883484054145517,
      -0.7665541094759064,
      -0.6859943405700348,
      -0.9486832980505138,
      -2.458422489288682,
      1.0,
      0.0,
      0.0,
      0.0,
      0.0,
      0.0,
      0.0,
      0.0,
      0.0,
      0.0,
      0.0,
      0.0,
      0.0
    ]
  ],
  "assignments": [
    0,
    0,
    0,
    0,
    0,
    0,
    0,
    0,
    0,
    0,
    0,
    0,
    1,
    1,
    1,
    0,
    0,
    1,
    1,
    1,
    0,
    0,
    1,
    1,
    1,
    0,
    0,
    0,
    2,
    2,
    4,
    3,
    3,
    3,
    2,
    2,
    4,
    3,
    3,
    3,
    2,
    2,
    4,
    3,
    3,
    3,
    2,
    2,
    4,
    3
  ],
  "representative_voicing_per_cluster": [
    2,
    23,
    35,
    44,
    36
  ]
}