{
  "betti_0": 1,
  "betti_1": 417,
  "persistence_pairs": [
    [
      0.0,
      0.29205826699725035
    ],
    [
      0.0,
      0.29205826699725035
    ],
    [
      0.0,
      0.29205826699725035
    ],
    [
      0.0,
      0.29205826699725035
    ],
    [
      0.0,
      0.29205826699725035
    ],
    [
      0.0,
      0.29205826699725035
    ],
    [
      0.0,
      0.29205826699725035
    ],
    [
      0.0,
      0.5772092046330725
    ],
    [
      0.0,
      0.5772092046330725
    ],
    [
      0.0,
      0.5772092046330725
    ],
    [
      0.0,
      0.7200475659528205
    ],
    [
      0.0,
      0.7200475659528205
    ],
    [
      0.0,
      0.7200475659528205
    ],
    [
      0.0,
      0.7200475659528205
    ],
    [
      0.0,
      1.1677978420247601
    ],
    [
      0.0,
      1.1677978420247603
    ],
    [
      0.0,
      1.209856107079551
    ],
    [
      0.0,
      1.2098561070795513
    ],
    [
      0.0,
      1.2098561070795513
    ],
    [
      0.0,
      1.2098561070795513
    ],
    [
      0.0,
      1.2098561070795513
    ],
    [
      0.0,
      1.2098561070795513
    ],
    [
      0.0,
      1.2098561070795513
    ],
    [
      0.0,
      1.2098561070795513
    ],
    [
      0.0,
      1.2098561070795513
    ],
    [
      0.0,
      1.2098561070795513
    ],
    [
      0.0,
      1.2663265608451266
    ],
    [
      0.0,
      1.2663265608451266
    ],
    [
      0.0,
      1.2663265608451268
    ],
    [
      0.0,
      1.269497630730122
    ],
    [
      0.0,
      1.2694976307301222
    ],
    [
      0.0,
      1.2694976307301222
    ],
    [
      0.0,
      1.2694976307301222
    ],
    [
      0.0,
      1.2694976307301222
    ],
    [
      0.0,
      1.2694976307301222
    ],
    [
      0.0,
      1.2694976307301225
    ],
    [
      0.0,
      1.2694976307301225
    ],
    [
      0.0,
      1.3370481705872708
    ],
    [
      0.0,
      1.3370481705872708
    ],
    [
      0.0,
      1.337048170587271
    ],
    [
      0.0,
      1.337048170587271
    ],
    [
      0.0,
      1.5374497714844821
    ],
    [
      0.0,
      1.9004273820457842
    ],
    [
      0.0,
      1.9004273820457842
    ],
    [
      0.0,
      1.9004273820457844
    ],
    [
      0.0,
      1.9004273820457844
    ],
    [
      0.0,
      3.536826336850088
    ],
    [
      0.0,
      3.8459298577311873
    ],
    [
      0.0,
      4.161605976152137
    ]
  ],
  "filtration_max": 4.258859291509869
}