{
  "betti_0": 1,
  "betti_1": 586,
  "persistence_pairs": [
    [
      0.0,
      0.7121617800718947
    ],
    [
      0.0,
      0.7121617800718947
    ],
    [
      0.0,
      0.8888529470253804
    ],
    [
      0.0,
      0.9910894275278896
    ],
    [
      0.0,
      1.1826860047510719
    ],
    [
      0.0,
      1.3961175137284096
    ],
    [
      0.0,
      1.4243235601437894
    ],
    [
      0.0,
      1.4243235601437894
    ],
    [
      0.0,
      1.4674818101190854
    ],
    [
      0.0,
      1.5087345293927106
    ],
    [
      0.0,
      1.5087345293927106
    ],
    [
      0.0,
      1.53646549835914
    ],
    [
      0.0,
      1.53646549835914
    ],
    [
      0.0,
      1.53646549835914
    ],
    [
      0.0,
      1.583405949526264
    ],
    [
      0.0,
      1.583405949526264
    ],
    [
      0.0,
      1.583405949526264
    ],
    [
      0.0,
      1.6854423446021756
    ],
    [
      0.0,
      1.7475654810418026
    ],
    [
      0.0,
      1.7475654810418026
    ],
    [
      0.0,
      1.8089480165451415
    ],
    [
      0.0,
      1.812151908557624
    ],
    [
      0.0,
      1.8435688720072414
    ],
    [
      0.0,
      1.8798869061352987
    ],
    [
      0.0,
      1.9872453578104532
    ],
    [
      0.0,
      1.9872453578104532
    ],
    [
      0.0,
      2.016912526061649
    ],
    [
      0.0,
      2.05718965401339
    ],
    [
      0.0,
      2.0679167972096564
    ],
    [
      0.0,
      2.256431053760567
    ],
    [
      0.0,
      2.3779027521260203
    ],
    [
      0.0,
      2.4179785339184376
    ],
    [
      0.0,
      2.677055290876555
    ],
    [
      0.0,
      2.6770552908765555
    ],
    [
      0.0,
      2.6857087487134397
    ],
    [
      0.0,
      2.68570874871344
    ],
    [
      0.0,
      2.8019868373717127
    ],
    [
      0.0,
      2.8032520050143184
    ],
    [
      0.0,
      2.808886234838472
    ],
    [
      0.0,
      2.8486471202875787
    ],
    [
      0.0,
      2.8486471202875787
    ],
    [
      0.0,
      2.8991939709665697
    ],
    [
      0.0,
      2.947833979326019
    ],
    [
      0.0,
      2.9686619026836607
    ],
    [
      0.0,
      2.971912946068561
    ],
    [
      0.0,
      3.0276434780882235
    ],
    [
      0.0,
      3.115324059450977
    ],
    [
      0.0,
      3.255972392946129
    ],
    [
      0.0,
      3.627503933029122
    ]
  ],
  "filtration_max": 4.4910665093744795
}