{
  "k": 5,
  "silhouette": 0.20355264449292737,
  "centroids": [
    [
      -0.32382000471844385,
      -1.6680194898782383,
      -0.11709332534753973,
      0.25397466440459404,
      -0.17393526112126945,
      0.0,
      0.0,
      -0.847854580991823,
      0.023529411764705882,
      -0.19253907003520038,
      -0.5015306309921739,
      -0.847854580991823,
      -0.3319961046080377,
      -1.5186837697448623,
      0.5647058823529412,
      0.03529411764705882,
      0.023529411764705882,
      0.023529411764705882,
      0.011764705882352941,
      0.03529411764705882,
      0.0,
      0.0,
      0.0,
      0.0,
      0.0,
      0.0,
      0.3058823529411765
    ],
    [
      -0.6019717087885309,
      0.5089177446292289,
      0.1132337899028042,
      0.5845336471244537,
      -1.2081449218423328,
      0.0,
      0.0,
      -0.5405242899476378,
      0.034482758620689655,
      1.5823943539382932,
      0.48720764007776163,
      -0.5405242899476378,
      0.06371046741065792,
      0.5400677014477205,
      0.2988505747126437,
      0.022988505747126436,
      0.022988505747126436,
      0.011494252873563218,
      0.034482758620689655,
      0.034482758620689655,
      0.0,
      0.0,
      0.0,
      0.0,
      0.0,
      0.0,
      0.5747126436781609
    ],
    [
      -0.17281096725137587,
      0.19695232668899415,
      0.107008732733876,
      -1.790584293558785,
      0.39017909927203753,
      0.0,
      0.0,
      -0.7484577954124765,
      0.0,
      0.037358327021755254,
      -0.16514454439084134,
      -0.7484577954124765,
      1.5906177150705805,
      0.18584692836482894,
      0.5176470588235295,
      0.011764705882352941,
      0.023529411764705882,
      0.023529411764705882,
      0.011764705882352941,
      0.023529411764705882,
      0.0,
      0.0,
      0.0,
      0.0,
      0.0,
      0.0,
      0.38823529411764707
    ],
    [
      -0.7107806632278044,
      -0.003202476856731458,
      -0.63416213644164,
      0.028455317805061737,
      0.4195600555425223,
      0.0,
      0.0,
      0.5519834825839696,
      0.075,
      -0.4763186695273801,
      -1.1401385922743912,
      0.5519834825839696,
      -0.7870899490105547,
      -0.1473917721306643,
      0.025,
      0.0125,
      0.0,
      0.0,
      0.025,
      0.0125,
      0.0125,
      0.0125,
      0.0125,
      0.0125,
      0.0125,
      0.4375,
      0.425
    ],
    [
      0.9291265296948538,
      0.49706173764957945,
      0.2560663899751444,
      0.4753433481832761,
      0.32615384977954587,
      0.0,
      0.0,
      0.8500213902643708,
      0.012269938650306749,
      -0.5298923440140998,
      0.6471865803849207,
      0.8500213902643708,
      -0.30403958057176506,
      0.4791201427104478,
      0.09815950920245399,
      0.012269938650306749,
      0.024539877300613498,
      0.024539877300613498,
      0.012269938650306749,
      0.012269938650306749,
      0.0,
      0.0,
      0.0,
      0.0,
      0.0,
      0.4171779141104294,
      0.3987730061349693
    ]
  ],
  "assignments": [
    2,
    2,
    2,
    2,
    2,
    2,
    2,
    2,
    2,
    2,
    2,
    2,
    2,
    2,
    2,
    2,
    2,
    2,
    1,
    1,
    2,
    2,
    2,
    1,
    1,
    0,
    0,
    0,
    1,
    1,
    0,
    3,
    3,
    3,
    4,
    4,
    0,
    3,
    3,
    3,
    4,
    4,
    0,
    3,
    3,
    3,
    4,
    4,
    0,
    0,
    4,
    4,
    4,
    4,
    0,
    4,
    4,
    4,
    4,
    4,
    0,
    0,
    1,
    1,
    1,
    0,
    3,
    3,
    3,
    4,
    4,
    0,
    3,
    3,
    1,
    1,
    1,
    0,
    0,
    1,
    1,
    1,
    1,
    0,
    0,
    1,
    1,
    1,
    1,
    0,
    4,
    1,
    1,
    1,
    1,
    0,
    1,
    1,
    1,
    1,
    0,
    0,
    3,
    3,
    4,
    4,
    0,
    0,
    1,
    1,
    1,
    1,
    0,
    0,
    1,
    1,
    1,
    1,
    0,
    0,
    1,
    1,
    1,
    1,
    0,
    4,
    1,
    1,
    1,
    1,
    0,
    1,
    1,
    1,
    1,
    0,
    0,
    4,
    4,
    4,
    4,
    0,
    0,
    1,
    1,
    1,
    1,
    0,
    0,
    1,
    1,
    1,
    1,
    0,
    0,
    1,
    1,
    1,
    1,
    1,
    4,
    1,
    1,
    1,
    1,
    0,
    1,
    1,
    1,
    1,
    0,
    4,
    4,
    4,
    4,
    4,
    0,
    4,
    1,
    1,
    1,
    1,
    0,
    4,
    1,
    1,
    1,
    1,
    1,
    4,
    1,
    1,
    1,
    1,
    1,
    4,
    1,
    1,
    1,
    1,
    2,
    2,
    2,
    2,
    2,
    0,
    3,
    2,
    2,
    2,
    2,
    0,
    2,
    2,
    2,
    2,
    2,
    0,
    2,
    2,
    2,
    2,
    2,
    2,
    2,
    2,
    2,
    2,
    2,
    2,
    2,
    2,
    2,
    2,
    2,
    0,
    3,
    3,
    3,
    3,
    4,
    0,
    3,
    3,
    3,
    4,
    4,
    0,
    3,
    3,
    3,
    4,
    4,
    0,
    3,
    3,
    3,
    4,
    4,
    0,
    4,
    4,
    4,
    4,
    4,
    0,
    4,
    4,
    4,
    4,
    4,
    0,
    3,
    3,
    3,
    3,
    4,
    0,
    3,
    3,
    3,
    4,
    4,
    0,
    3,
    3,
    3,
    4,
    4,
    0,
    3,
    3,
    3,
    4,
    4,
    0,
    4,
    4,
    4,
    4,
    4,
    0,
    4,
    4,
    4,
    4,
    4,
    0,
    3,
    3,
    3,
    3,
    4,
    0,
    3,
    3,
    3,
    4,
    4,
    0,
    3,
    3,
    3,
    4,
    4,
    0,
    3,
    3,
    3,
    4,
    4,
    0,
    4,
    4,
    4,
    4,
    4,
    0,
    4,
    4,
    4,
    4,
    4,
    0,
    3,
    3,
    3,
    4,
    4,
    0,
    4,
    4,
    4,
    4,
    4,
    0,
    4,
    4,
    4,
    4,
    4,
    0,
    4,
    4,
    4,
    4,
    4,
    0,
    4,
    4,
    4,
    4,
    4,
    0,
    4,
    4,
    4,
    4,
    4,
    0,
    4,
    4,
    4,
    4,
    4,
    0,
    4,
    4,
    4,
    4,
    4,
    0,
    4,
    4,
    4,
    4,
    4,
    0,
    4,
    4,
    4,
    4,
    4,
    0,
    4,
    4,
    4,
    4,
    4,
    0,
    4,
    4,
    4,
    4,
    4,
    2,
    2,
    2,
    2,
    2,
    0,
    2,
    2,
    2,
    2,
    2,
    0,
    2,
    2,
    2,
    2,
    2,
    2,
    2,
    2,
    2,
    2,
    2,
    2,
    2,
    2,
    2,
    2,
    2,
    2,
    2,
    2,
    2,
    2,
    2,
    0,
    3,
    3,
    3,
    3,
    4,
    0,
    3,
    3,
    3,
    4,
    4,
    0,
    3,
    3,
    3,
    4,
    4,
    0,
    3,
    3,
    3,
    4,
    4,
    0,
    4,
    4,
    4,
    4,
    4,
    0,
    4,
    4,
    4,
    4,
    4,
    0,
    3,
    3,
    3,
    3,
    4,
    0,
    3,
    3,
    3,
    4,
    4,
    0,
    3
  ],
  "representative_voicing_per_cluster": [
    319,
    150,
    220,
    315,
    329
  ]
}